marker,synonym1,synonym2,synonym3,synonym4,synonym5,synonym6,synonym7,synonym8,synonym9
ACSA-2,ASCA2,ACSA-2,ASCA-2,ACSA2,ASCA2,ACSA.2,,,
AF,AutoFluorescence,Autofluorescence,AutoF,AutoFluor,,,,,
Annexin V,Annexin,AnnV,AnnexinV,,,,,,
Areg,A-reg,A.reg,Amphiregulin,,,,,,
AU1,AU1 tag,AU1-tag,AU1_tag,,,,,,
AU5,AU5 tag,AU5-tag,AU5_tag,,,,,,
B220,CD45R,,,,,,,,
BAFFR,BAFF-R,BAFF.R,CD268,TNFRSF13C,BR3,,,,
BATF,Batf,,,,,,,,
Bcl-6,Bcl-6,Bcl.6,Bcl6,BCL6,,,,,
BDNF,,,,,,,,,
BFP,Blue Fluorescent Protein,,,,,,,,
Blimp-1,Blimp1,Prdm1,,,,,,,
BP1,BP-1,BP.1,Ly51,Ly-51,Ly.51,,,,
BTLA,CD272,BTLA (CD272),,,,,,,
C,C tag,C-tag,C_tag,,,,,,
CADM1,Cell adhesion molecule 1,,,,,,,,
CAR-T,CAR.T,CAR T,,,,,,,
CCR1,CD191,CCR1 (CD191),,,,,,,
CCR2,CD192,CCR2 (CD192),,,,,,,
CCR3,CD193,CCR3 (CD193),,,,,,,
CCR4,CD194,CCR4 (CD194),,,,,,,
CCR5,CD195,CCR5 (CD195),,,,,,,
CCR6,CD196,CCR6 (CD196),,,,,,,
CCR7,CD197,CCR7 (CD197),,,,,,,
CCR8,CD198,CCR8 (CD198),,,,,,,
CCR9,CD199,CCR9 (CD199),,,,,,,
CD10,,,,,,,,,
CD101,,,,,,,,,
CD103,,,,,,,,,
CD107a,LAMP.1,CD107a (LAMP.1),,,,,,,
CD115,FMS,CSF-1R,CSF1R,,,,,,
CD117,CD117,c-Kit,c.Kit,,,,,,
CD11a,LFA.1,LFA1,LFA-1,,,,,,
CD11b,Itgam,,,,,,,,
CD11c,Itgax,,,,,,,,
CD122,IL-2R-beta,CD122 (IL-2R-beta),,,,,,,
CD123,IL3Ra,CD123 (IL3Ra),,,,,,,
CD127,IL7Ralpha,IL7RA,CD127,,,,,,
CD132,gc,Common Gamma Chain,,,,,,,
CD134,TNFRSF4,OX40,OX-40,OX.40,,,,,
CD135,FLT.3,FLT-3,FLT3,FLK2,,,,,
CD137,4-1BB,41BB,4.1BB,4_1BB,CD137,TNFRSF9,,,
CD138,,,,,,,,,
CD13,,,,,,,,,
CD14,,,,,,,,,
CD141,BDCA-3,Thrombomodulin,BDCA3,BDCA_3,BDCA.3,,,,
CD146,MCAM,CD146 (MCAM),,,,,,,
CD15,Le X,Lewis X,,,,,,,
CD150,SLAM1,SLAMF1,,,,,,,
CD154,CD40L,,,,,,,,
CD16,FcgRIII,CD16 (FcgRIII),,,,,,,
CD16/32,CD16-32,CD16.32,CD16_32,FcgRII/III,,,,,
CD161,,,,,,,,,
CD163,,,,,,,,,
CD169,,,,,,,,,
CD172a,SIRP1alpha,SIRP1a,,,,,,,
CD19,,,,,,,,,
CD1c,,,,,,,,,
CD1d,,,,,,,,,
CD2,,,,,,,,,
CD20,,,,,,,,,
CD200R,Cd200r1,CD200R-1,MO2R1,CD200 receptor 1,Orexin receptor 2,Ox2r,Mox2r,,
CD205,DEC.205,DEC-205,DEC205,DEC 205,,,,,
CD206,Mannose Receptor,MMR,,,,,,,
CD21,CD21-35,CD21_35,CD21.35,CD21/35,,,,,
CD226,DNAM1,,,,,,,,
CD23,FceRII,FceR2,,,,,,,
CD24,CD24,,,,,,,,
CD25,IL2Ralpha,CD25 (IL2Ralpha),,,,,,,
CD27,,,,,,,,,
CD272,BTLA,CD272 (BTLA),,,,,,,
CD28,,,,,,,,,
CD3,CD3e,,,,,,,,
CD301,CLEC10A,,,,,,,,
CD303,,,,,,,,,
CD304,BDCA2,BDCA-2,PECAM-1,PECAM1,PECAM,,,,
CD31,PECAM_1,PECAM.1,FcgRIIa,,,,,,
CD32,FcgRII,FcgRIIb,CD32b,FcgRII-b,,,,,
CD34,,,,,,,,,
CD38,,,,,,,,,
CD39,,,,,,,,,
CD4,L3T4,,,,,,,,
CD40,,,,,,,,,
CD44,,,,,,,,,
CD45,,,,,,,,,
CD45.1,CD45_1,,,,,,,,
CD45.2,CD45_2,,,,,,,,
CD45RA,,,,,,,,,
CD45RB,,,,,,,,,
CD45RO,,,,,,,,,
CD48,,,,,,,,,
CD49a,ITGA1,,,,,,,,
CD49b,Integrin alpha-2,Itga2,Integrin a2,Integrin alpha-2,,,,,
CD5,,,DX5,,,,,,
CD56,NCAM,,,,,,,,
CD57,L2,HNK-1,LEU-7,,,,,,
CD62L,L-Selectin,L-selectin,L Selectin,,,,,,
CD64,FcgRI,CD64 (FcgRI),,,,,,,
CD68,,,,,,,,,
CD69,,,,,,,,,
CD71,,,,,,,,,
CD72,,,,,,,,,
CD73,,,,,,,,,
CD8,CD8alpha,CD8a,Cd8,Cd8a,,,,,
CD80,B7.1,B7_1,B7-1,,,,,,
CD83,,,,,,,,,
CD86,B7.2,B7_2,B7-2,,,,,,
CD90,Thy1,CD90 (Thy1),,,,,,,
CD90.1,Thy1.1,,,,,,,,
CD90.2,Thy1.2,,,,,,,,
CD94,KLRD1,CD94 (KLRD1),,,,,,,
CD95,Fas,CD95 (Fas),,,,,,,
CD98,CD98,4F2hc,SLC3A2,,,,,,
CLEC12A,Clec12a,CLEC12A (Clec12a),,,,,,,
CTLA-4,CD152,CTLA4,CTLA.4,CTLA_4,,,,,
CX3CR1,Fractalkine Receptor,CX3CR1 (Fractalkine Receptor),,,,,,,
CXCR1,CD181,CXCR1 (CD181),,,,,,,
CXCR2,CD182,CXCR2 (CD182),,,,,,,
CXCR3,CD183,CXCR3 (CD183),,,,,,,
CXCR4,CD184,CXCR4 (CD184),,,,,,,
CXCR5,CD185,CXCR5 (CD185),,,,,,,
CXCR6,CD186,CXCR6 (CD186),,,,,,,
CXCR7,ACKR3,CXCR7 (ACKR3),,CD189,RDC1,,,,
CXCR8,CD188,CXCR8 (CD188),,,,,,,
Cytokeratin8,Cytokeratin-8,Keratin8,Cytokeratin8,Keratin-8,,,,,
DCIR2,,,,,,,,,
E-Cadherin,CD324,Cadherin-1,Cadherin1,Cadherin.1,CDH1,,,,
Eomes,,,,,,,,,
EOS,,,,,,,,,
EpCAM,CD326,EpCAM (CD326),,,,,,,
F4/80,F4-80,F4_80,F480,,,,,,
FasL,CD178,FasL (CD178),,,,,,,
FceRIa,FcER1,FceR1a,FceRIalpha,FceR1,FceRI,FceR1alpha,FcER1alpha,FcER1a,
FcRL5,Fcrl5,,,,,,,,
Flag,FLAG,DYKDDDDK,,,,,,,
FOLR2,FolR2,Folr2,,,,,,,
FoxP3,Fox-P3,Foxp3,Foxp-3,,,,,,
FR2,Folate Receptor 2,Fr2,,,,,,,
GARP,LRRC32,Garp,,,,,,,
GATA-3,GATA-3,Gata3,GATA 3,,,,,,
GFAP,GFAP,Gfap,,,,,,,
GFP,Green Fluorescent Protein,Gfp,eGFP,,,,,,
GITR,GITR,Gitr,,,,,,,
GL7,GL7,,,,,,,,
GMCSF,GM_CSF,Gmcsf,,,,,,,
GPR183,GPR183,Gpr183,,,,,,,
Granzyme B,Granzyme-B,Granzymeb,Granzyme_B,GranzymeB,,,,,
HA,HA tag,Ha,HA Tag,HA.Tag,,,,,
Helios,Ikzf2,IKZF2,,,,,,,
HLA-DR,HLA.DR,Hladr,HLA_DR,HLADR,,,,,
ICOS,ICOS (CD278),Icos,CD278,,,,,,
IFNg,Interferon gamma,Ifng,Interferon,IFN-g,Interferon-g,Interferon-gamma,,,
IgD,Igd,,,,,,,,
IgE,Ige,,,,,,,,
IgG,Igg,,,,,,,,
IgG1,Igg1,,,,,,,,
IgG2,Igg2,,,,,,,,
IgG2a,Igg2a,,,,,,,,
IgG2b,Igg2b,,,,,,,,
IgG3,Igg3,,,,,,,,
IgG4,Igg4,,,,,,,,
IgM,Igm,,,,,,,,
IL-10,IL10,IL_10,Il10,,,,,,
IL-12p35,IL12p35,IL-12p35,Il12P35,,,,,,
IL-12p40,IL12p40,IL-12p40,Il12P40,,,,,,
IL-13,IL13,IL_13,Il13,,,,,,
IL-15,IL15,IL_15,Il15,,,,,,
IL-17,IL17,IL_17,Il17,IL-17A,IL17A,,,,
IL-17F,IL17F,IL.17F,Il17F,,,,,,
IL-17RB,IL17RB,IL17RB,Il17Rb,,,,,,
IL-18R,IL18R,IL-18Receptor,IL_18R,IL-18-R,IL18-R,,,,
IL-1a,IL1a,IL-1 alpha,Il1A,IL-1.alpha,,,,,
IL-1b,IL1b,pro-IL-1-beta,Il1B,,,,,,
IL-2,IL2,IL.2,Il2,,,,,,
IL-2,Interleukin-9,IL9,,,,,,,
IL-21,IL21,IL-21,Il21,,,,,,
IL-22,IL22,IL-22,Il22,,,,,,
IL-23,IL23,IL-23p19,Il23,IL_23p19,,,,,
IL-27,IL27,IL-27,Il27,IL.27,,,,,
IL-33,IL33,IL-33,Il33,,,,,,
IL-35,IL35,IL-35,Il35,EBI3,IL.35,,,,
IL-4,IL4,Interleukin-4,Il4,,,,,,
IL-5,IL5,Interleukin-5,Il5,,,,,,
IL-6,IL6,Interleukin-6,Il6,,,,,,
IL-7,IL7,Interleukin-7,Il7,,,,,,
IntegrinB7,Integrin-b7,Integrinb7,Integrin B7,Itgb7,,,,,
IRF4,IRF.4,Irf4,IRF-4,,,,,,
ivCD45,intravenous*CD45,,i.v.*CD45,intravenousCD45,i.v.CD45,injectedCD45,injCD45,CD45iv,CD45i.v
Ki67,Ki_67,Ki67,,,,,,,
KLRG1,Klrg1,,,,,,,,
LAG3,LAG-3,Lag3,,,,,,,
LAP,latent.TGF-beta,Lap,,,,,,,
Ly49D,,,,,,,,,
Ly6C,Ly.6c,Ly-6C,Ly_6C,,,,,,
Ly6G,Ly.6G,Ly-6G,Ly_6G,,,,,,
LYVE1,Lyve1,,,,,,,,
mCherry,cherry,,,,,,,,
MerTK,MertK,Mertk,,,,,,,
MHCI,H-2Kk,H-2Db,H-2Kb,H-2Db,MHC1,,,,
MHCII,I-A,I-E,ClassII,MHC2,I-A/I-E,I-A I-E,IAIE,,
Neuropilin,CD304,Neuropilin,Neuropilin-1,Nrp1,Nrp-1,,,,
NFIL3,E4BP4,Nfil3,,,,,,,
NK1.1,NK1-1,NK1_1,NK11,,,,,,
NKp46,NK.p46,Nkp46,NKp46 (CD335),CD335,NK-p46,,,,
Nur77,,,,,,,,,
NWS,NWS tag,Strep tag,Strep tag II,,,,,,
O4,,,,,,,,,
Ollas,OLLAS,,,,,,,,
P2RY12,P2Ry12,P2RY12 (P2Ry12),,,,,,,
P2XR7,P2RX7,P2Xr7,,,,,,,
PanCytokeratin,Pan.cytokeratin,Pan-cytokeratin,Pan_cytokeratin,,,,,,
PAX5,Pax5,PAX5 (Pax5),,,,,,,
PD-1,CD279,Pd1,PD1 (CD279),PD.1,PD_1,PD-1,,,
PDCA-1,PDCA1,PDCA.1,PDCA_1,plasmacytoid,,,,,
PD-L1,B7-H1,CD274,PDL1,PD-L1,PD_L1,,,,
PD-L2,B7-DC,CD273,PDL2,PD-L2,PD_L2,,,,
Perforin,Perf,Perforin,,,,,,,
pSTAT3,pSTAT3,Pstat3,phospho-STAT3,,,,,,
pSTAT5,pSTAT5,Pstat5,phospho-STAT5,,,,,,
RFP,tdT,Rfp,Red Fluorescent Protein,dsRed,ROSA-RFP,,,,
RORgT,RORgamma,Rorgt,RORc,ROR-gamma,ROR-g,,,,
S,S tag,S-tag,S_tag,,,,,,
S1P1,S1P1R,S1P1,,,,,,,
Siglec F,SiglecF,Siglec-F,Siglec.F,Siglec_F,,,,,
Siglec H,SiglecH,Siglec-H,Siglec_H,,,,,,
Siglec-8,Siglec8,Siglec 8,Siglec_8,,,,,,
SLAMF6,Slam-F6,SlamF-6,Slamf6,,,,,,
ST2,IL-33R,St2,IL33R,,,,,,
Stabilin2,STAB2,Stabilin2,,,,,,,
T-bet,T.bet,Tbet,,,,,,,
TCF1,TCF1/7,Tcf1,TCF7,TCF1 (TCF7),,,,,
TCR Va24-Ja18,TCR.Va24_Ja18,Tcr Va24-Ja18,TCR Va24,TCR Va24_Ja18,,,,,
TCR Va7.2,TCR.Va7.2,Tcr Va7.2,TCR Valpha7.2,TCR 7.2,,,,,
TCR Vb11,TCR-Vb11,Tcr Vb11,,,,,,,
TCR Vd2,TCRVdelta2,Tcr Vd2,,,,,,,
TCR Vg9,TCRVgamma9,Tcr Vg9,,,,,,,
TCRab,TCRalpha/beta,Tcrab,TCR-ab,TCR-alpha,TCR alpha/beta,TCR a/b,,,
TCRbeta,TCR-beta,Tcrbeta,TCR-b,TCR-beta,,,,,
TCRgd,TCRgamma,Tcrg,gdTCR,gd TCR,TCR-gamma,TCR-gd,TCRgd,TCR gd,TCRyd
TER119,TER-119,Ter119,TER_119,TER.119,,,,,
TGFbeta,TGF-beta,Tgfbeta,TGF,,,,,,
TIGIT,TIGIT,Tigit,,,,,,,
TIM-3,TIM-3,TIM.3,Tim3,,,,,,
TNF,TNF.alpha,Tnf,TNFa,TNF-a,TNF-alpha,TNF.alpha,TNF_alpha,TNF_a,TNF.a
TOX,,,,,,,,,
TREM2,TREM2,Trem2,,,,,,,
V5,V5 tag,V5-tag,V5_tag,,,,,,
Viability,fixable,Livedead,Viability,viable,viablity,live-dead,LD,,
VSVg,VSV-g,VSV_g,,,,,,,
XCR1,XCR1,Xcr1,,,,,,,
YFP,Yellow Fluorescent Protein,Yfp,,,,,,,
ZAP70,ZAP-70,Zap70,Zap.70,ZAP_70,,,,,
Oct4,POU5F1,Pou5f1,OCT4,Oct-4,,,,,
Activin A,INHBA,Activin-A,,,,,,,
Aiolos,IKZF3,Aiolos zinc finger protein 3,,,,,,,
ALK,Anaplastic lymphoma kinase,,,,,,,,
alpha-SMA,ACTA2,Smooth muscle actin,aSMA,a-SMA,Smooth muscle alpha-actin,,,,
Amphiregulin,Areg,AREG,EGF-like ligand,,,,,,
Annexin A1,AnxA1,ANXA1,Lipocortin I,,,,,,
Annexin A2,AnxA2,ANXA2,Lipocortin II,,,,,,
AP-1,Activator protein 1,c-Fos/c-Jun,,,,,,,
AXL,AXL receptor tyrosine kinase,UFO,,,,,,,
Bax,BAX,Bcl2-associated X protein,,,,,,,
Bcl-2,BCL2,Bcl2,,,,,,,
Bcl-xL,BCL2L1,BclxL,BCL-xL,,,,,,
BMP4,Bone morphogenetic protein 4,Bmp4,,,,,,,
C/EBPa,CEBPA,CCAAT enhancer binding protein alpha,CEBPalpha,,,,,,
C/EBPb,CEBPB,CCAAT enhancer binding protein beta,CEBPbeta,,,,,,
Calreticulin,CRT,Calregulin,,,,,,,
Casitas b-lineage lymphoma,CBL,c-Cbl,Cbl proto-oncogene,,,,,,
Caspase-3,Casp3,Cleaved caspase-3,CASP3,Cleaved-Casp3,,,,,
Caspase-8,Casp8,Cleaved caspase-8,CASP8,Cleaved-Casp8,,,,,
CCL19,MIP-3beta,Macrophage inflammatory protein 3 beta,ELC,,,,,,
CCL2,MCP-1,Monocyte chemoattractant protein-1,JE,,,,,,
CCL20,MIP-3alpha,Macrophage inflammatory protein 3 alpha,LARC,,,,,,
CCL21,6Ckine,SLC,Secondary lymphoid-organ chemokine,,,,,,
CCL22,MDC,Macrophage-derived chemokine,,,,,,,
CCL25,TECK,Thymus-expressed chemokine,,,,,,,
CCL27,CTACK,Cutaneous T-cell attracting chemokine,,,,,,,
CCL3,MIP-1alpha,Macrophage inflammatory protein 1 alpha,,,,,,,
CCL4,MIP-1beta,Macrophage inflammatory protein 1 beta,,,,,,,
CCL5,RANTES,CCL-5,,,,,,,
CCL7,MCP-3,Monocyte chemoattractant protein 3,,,,,,,
CD100,SEMA4D,Semaphorin 4D,,,,,,,
CD102,ICAM-2,ICAM2,,,,,,,
CD104,Integrin-beta4,Itgb4,Beta4 integrin,,,,,,
CD106,VCAM-1,VCAM1,Vascular cell adhesion molecule 1,,,,,,
CD107b,LAMP-2,LAMP2,Lysosomal-associated membrane protein 2,,,,,,
CD109,,,,,,,,,
CD110,MPL,Thrombopoietin receptor,c-MPL,,,,,,
CD111,Nectin-1,Nectin1,PVRL1,PRR1,,,,,
CD112,Nectin-2,Nectin2,PVRL2,PRR2,,,,,
CD114,G-CSFR,CSF3R,Granulocyte colony stimulating factor receptor,,,,,,
CD116,GM-CSFR,CSF2RA,GM-CSF receptor,,,,,,
CD119,IFN-gamma-R,IFNgR,Interferon gamma receptor,,,,,,
CD120a,TNFR1,TNFRSF1A,TNF receptor 1,,,,,,
CD120b,TNFR2,TNFRSF1B,TNF receptor 2,,,,,,
CD121a,IL-1R1,IL1R1,Interleukin-1 receptor 1,,,,,,
CD121b,IL-1R2,IL1R2,Interleukin-1 receptor 2,,,,,,
CD124,IL-4Ra,IL4Ra,Interleukin-4 receptor alpha,,,,,,
CD125,IL-5Ra,IL5Ra,Interleukin-5 receptor alpha,,,,,,
CD126,IL-6Ra,IL6Ra,gp80,,,,,,
CD130,gp130,IL-6Rbeta,IL6ST,,,,,,
CD131,Common beta chain,CSF2RB,IL-3/5/GM-CSFR beta,,,,,,
CD133,Prominin-1,PROM1,AC133,Prominin,,,,,
CD140a,PDGFRalpha,PDGFRA,Platelet-derived growth factor receptor alpha,,,,,,
CD140b,PDGFRbeta,PDGFRB,Platelet-derived growth factor receptor beta,,,,,,
CD142,Tissue Factor,TF,F3,Coagulation factor III,,,,,
CD144,VE-Cadherin,CDH5,Vascular endothelial cadherin,,,,,,
CD147,EMMPRIN,Basigin,BSG,,,,,,
CD148,RPTP-eta,DEP1,CD148,,,,,,
CD152,CTLA-4,CTLA4,Cytotoxic T-lymphocyte antigen 4,,,,,,
CD155,PVR,Nectin-like 5,CD155 (PVR),Poliovirus receptor,,,,,
CD158,KIR,Killer cell immunoglobulin-like receptor,,,,,,,
CD159a,NKG2A,NKG2-A,KLRC1,,,,,,
CD159c,NKG2C,NKG2-C,KLRC2,,,,,,
CD160,BY55,NK1,,,,,,,
CD166,ALCAM,Activated leukocyte cell adhesion molecule,,,,,,,
CD170,Siglec-5,Siglec5,,,,,,,
CD172b,SIRPbeta,SIRP-beta,,,,,,,
CD177,NB1,PRV-1,NB-1,,,,,,
CD178,FasL,Fas Ligand,FasLigand,,,,,,
CD180,RP105,MD-1,,,,,,,
CD200,OX2,MRC OX-2,,,,,,,
CD201,EPCR,Endothelial protein C receptor,,,,,,,
CD202b,TEK,TIE2,Angiopoietin receptor,,,,,,
CD203c,ENPP3,,,,,,,,
CD204,MSR1,Macrophage scavenger receptor 1,,,,,,,
CD207,Langerin,CD207 (Langerin),,,,,,,
CD208,DC-LAMP,LAMP3 DC,,,,,,,
CD209,DC-SIGN,CLEC4L,Dendritic cell-specific ICAM-3 grabbing nonintegrin,,,,,,
CD210,IL-10R,IL10RA,,,,,,,
CD212,IL-12Rbeta1,IL12RB1,,,,,,,
CD213a1,IL-13Ra1,IL13RA1,,,,,,,
CD214,IL-4R,IL4R,,,,,,,
CD215,IL-15Ra,IL15RA,,,,,,,
CD217,IL-17R,IL17RA,,,,,,,
CD218a,IL-18Ra,IL18R1,,,,,,,
CD220,INSR,Insulin receptor,,,,,,,
CD221,IGF1R,Insulin-like growth factor 1 receptor,,,,,,,
CD222,M6PR,IGF2R,Cation-independent mannose-6-phosphate receptor,,,,,,
CD224,GGT1,Gamma-glutamyltranspeptidase 1,,,,,,,
CD225,Leu13,,,,,,,,
CD227,MUC1,Mucin-1,PEM,,,,,,
CD228,Melanotransferrin,MFI2,,,,,,,
CD229,Ly9,SH2D3A,,,,,,,
CD230,PrP,Prion protein,,,,,,,
CD231,TALLA-1,A15,TM4SF2,,,,,,
CD232,VESPR,PLXNC1,,,,,,,
CD233,Band 3,SLC4A1,Anion exchanger 1,,,,,,
CD234,DARC,ACKR1,Duffy antigen,,,,,,
CD235a,GPA,Glycophorin A,,,,,,,
CD235ab,Glycophorin A/B,GPA/GPB,,,,,,,
CD235b,GPB,Glycophorin B,,,,,,,
CD236,Glycophorin C,GPC,GYPC,,,,,,
CD238,Kell,Kell antigen,,,,,,,
CD239,B-CAM,LU,Lutheran antigen,,,,,,
CD240CE,RhCE antigen,,,,,,,,
CD243,MDR1,ABCB1,P-glycoprotein,,,,,,
CD248,Endosialin,TEM1,,,,,,,
CD252,OX40L,TNFSF4,OX-40L,OX40 ligand,,,,,
CD253,TRAIL,TNFSF10,Apo2L,,,,,,
CD254,RANKL,TNFSF11,Receptor activator of NF-kB ligand,,,,,,
CD256,APRIL,TNFSF13,,,,,,,
CD257,BAFF,TNFSF13B,BLyS,,,,,,
CD258,LIGHT,TNFSF14,,,,,,,
CD26,DPP4,Dipeptidyl peptidase-4,DPP-4,,,,,,
CD261,TRAIL-R1,DR4,TNFRSF10A,,,,,,
CD262,TRAIL-R2,DR5,TNFRSF10B,,,,,,
CD266,TWEAK-R,FN14,TNFRSF12A,,,,,,
CD267,TACI,TNFRSF13B,,,,,,,
CD269,BCMA,TNFRSF17,B-cell maturation antigen,,,,,,
CD270,HVEM,TNFRSF14,Herpes virus entry mediator,,,,,,
CD271,LNGFR,NGF receptor,p75NTR,,,,,,
CD280,ENDO180,CLEC13E,MRC2,,,,,,
CD281,TLR1,Toll-like receptor 1,,,,,,,
CD282,TLR2,Toll-like receptor 2,,,,,,,
CD283,TLR3,Toll-like receptor 3,,,,,,,
CD284,TLR4,Toll-like receptor 4,,,,,,,
CD286,TLR6,Toll-like receptor 6,,,,,,,
CD289,TLR9,Toll-like receptor 9,,,,,,,
CD29,Integrin-beta1,Integrin-b1,Itgb1,beta1 integrin,,,,,
CD290,TLR10,Toll-like receptor 10,,,,,,,
CD294,CRTH2,PTGDR2,Prostaglandin D2 receptor 2,,,,,,
CD298,ATP1B3,Na+/K+-ATPase beta3 subunit,,,,,,,
CD30,TNFRSF8,CD30 (TNFRSF8),,,,,,,
CD300a,IRp60,CMRF35-H9,LMIR1,,,,,,
CD300c,CMRF35,CMRF35-A,LMIR3,,,,,,
CD302,CL-P1,COLEC12,Collectin placenta 1,,,,,,
CD305,LAIR-1,LAIR1,,,,,,,
CD306,LAIR-2,LAIR2,,,,,,,
CD307,FcRL5,FCRH5,FcRH5,,,,,,
CD309,KDR,VEGFR2,Vascular endothelial growth factor receptor 2,,,,,,
CD314,NKG2D,KLRK1,,,,,,,
CD317,BST-2,Tetherin,HM1.24,,,,,,
CD319,SLAMF7,CS1,CRACC,Elotuzumab target,,,,,
CD320,8D6A,,,,,,,,
CD321,JAM-A,JAM1,F11R,Junctional adhesion molecule A,,,,,
CD322,JAM-2,JAM2,Junctional adhesion molecule 2,,,,,,
CD324,E-Cadherin,E-cad,Cadherin-1,Epithelial cadherin,CDH1,,,,
CD325,N-Cadherin,N-cad,Cadherin-2,CDH2,,,,,
CD328,Siglec-7,Siglec7,p75,p75/AIRM1,,,,,
CD329,Siglec-9,Siglec9,,,,,,,
CD33,Siglec-3,Siglec3,,,,,,,
CD331,FGFR1,Fibroblast growth factor receptor 1,,,,,,,
CD332,FGFR2,Fibroblast growth factor receptor 2,,,,,,,
CD333,FGFR3,Fibroblast growth factor receptor 3,,,,,,,
CD334,FGFR4,Fibroblast growth factor receptor 4,,,,,,,
CD335,NKp46,NCR1,Natural cytotoxicity triggering receptor 1,,,,,,
CD336,NKp44,NCR2,Natural cytotoxicity triggering receptor 2,,,,,,
CD337,NKp30,NCR3,Natural cytotoxicity triggering receptor 3,,,,,,
CD338,ABCG2,BCRP,Breast cancer resistance protein,,,,,,
CD339,Jagged-1,JAG1,,,,,,,
CD340,HER2,ErbB2,ErbB-2,ERBB2,Receptor tyrosine-protein kinase erbB-2,,,,
CD349,Frizzled-9,FZD9,,,,,,,
CD350,Frizzled-4,FZD4,,,,,,,
CD36,SR-B2,SCARB2,Fatty acid translocase,,,,,,
CD37,,,,,,,,,
CD41,GPIIb,Integrin alpha-IIb,Itga2b,,,,,,
CD42b,GPIb,Glycoprotein Ib,GPIbalpha,,,,,,
CD43,Sialophorin,Spn,,,,,,,
CD47,IAP,integrin-associated protein,,,,,,,
CD51,Integrin alpha-V,Itgav,Vitronectin receptor,,,,,,
CD53,,,,,,,,,
CD54,ICAM-1,ICAM1,Intercellular adhesion molecule 1,,,,,,
CD55,DAF,Decay accelerating factor,,,,,,,
CD58,LFA-3,LFA3,,,,,,,
CD61,Integrin beta-3,Itgb3,Beta3 integrin,GPIIIa,,,,,
CD63,LAMP-3,LAMP3,,,,,,,
CD66b,CEACAM8,CD66-b,,,,,,,
CD66c,CEACAM6,CD66-c,,,,,,,
CD7,CD7,,,,,,,,
CD74,CLIP,Invariant chain,,,,,,,
CD79a,Igalpha,Iga,Ig-alpha,mb-1,B29,,,,
CD79b,Igbeta,Igb,Ig-beta,B29,,,,,
CD85j,ILT2,LILRB1,LIR-1,LIR1,MIR-7,,,,
CD88,C5aR,C5a receptor,,,,,,,
CD89,FcaRI,IgA receptor,,,,,,,
CD8b,CD8 beta,CD8-beta,CD8beta,Cd8b,,,,,
CD9,,,,,,,,,
CD93,C1qRp,AA4.1,,,,,,,
CD96,TACTILE,Tactile,,,,,,,
CDK1,Cyclin-dependent kinase 1,CDC2,Cdc2,,,,,,
CDK2,Cyclin-dependent kinase 2,Cdk2,,,,,,,
CDK4,Cyclin-dependent kinase 4,Cdk4,,,,,,,
CDK6,Cyclin-dependent kinase 6,Cdk6,,,,,,,
c-Myc,cMyc,MYC,c-MYC,,,,,,
CNTF,Ciliary neurotrophic factor,,,,,,,,
Collagen I,ColI,COL1A1,Type I collagen,,,,,,
Collagen IV,ColIV,COL4A1,Type IV collagen,,,,,,
CREB,cAMP response element-binding protein,CREB1,,,,,,,
CSF1R,CD115,c-FMS,FMS,M-CSFR,,,,,
CXCL10,IP-10,Interferon gamma-induced protein 10,,,,,,,
CXCL13,BCA-1,B lymphocyte chemoattractant,,,,,,,
CXCL9,MIG,Monokine induced by gamma interferon,,,,,,,
Cyclin B1,CCNB1,CyclinB1,,,,,,,
Cyclin D1,CCND1,CyclinD1,BCL1,,,,,,
Cyclin D3,CCND3,CyclinD3,,,,,,,
Cyclin E,CCNE1,CyclinE,,,,,,,
Delta-1,DLL1,Delta like ligand 1,Dll-1,,,,,,
Delta-4,DLL4,Delta like ligand 4,Dll-4,,,,,,
Desmin,DES,,,,,,,,
E47,TCF3,E-protein,E2A,TCF-3,,,,,
EGFR,ErbB1,HER1,CD170,Epidermal growth factor receptor,ERBB1,,,,
EphA2,EPH receptor A2,Eph-A2,,,,,,,
EphB4,EPH receptor B4,Eph-B4,,,,,,,
Ephrin-A1,EFNA1,Ephrin A1,,,,,,,
Ephrin-B2,EFNB2,Ephrin B2,,,,,,,
EPO,Erythropoietin,EPOR,Epo,,,,,,
Fibronectin,FN1,Fn1,,,,,,,
FLT3,CD135,FLK2,STK1,Flt-3,,,,,
Follistatin,FST,Fst,,,,,,,
FOXO1,FOXO1A,Forkhead box O1,,,,,,,
FOXO3,FOXO3A,Forkhead box O3,,,,,,,
Galectin-3,Gal-3,Gal3,LGALS3,,,,,,
Galectin-9,Gal-9,Gal9,LGALS9,,,,,,
G-CSF,CSF3,Granulocyte colony-stimulating factor,GCSF,,,,,,
GM-CSF,CSF2,Granulocyte-macrophage colony-stimulating factor,GMCSF,,,,,,
Granzyme A,Granzyme-A,GrA,GZMA,,,,,,
Granzyme K,Granzyme-K,GrK,GZMK,,,,,,
Granzyme M,Granzyme-M,GrM,GZMM,,,,,,
Hedgehog,SHH,Sonic hedgehog,Shh,,,,,,
HER3,ErbB3,ERBB3,Receptor tyrosine-protein kinase erbB-3,,,,,,
HIF-1a,HIF1A,Hypoxia-inducible factor 1 alpha,HIF-1alpha,HIF1-alpha,,,,,
HMGB1,HMG-1,High mobility group box 1,,,,,,,
Iba-1,IBA1,AIF-1,Allograft inflammatory factor 1,,,,,,
ID2,Inhibitor of differentiation 2,Inhibitor of DNA binding 2,Id2,,,,,,
ID3,Inhibitor of differentiation 3,Inhibitor of DNA binding 3,Id3,,,,,,
IFNa,Interferon alpha,IFN-alpha,IFNalpha,,,,,,
IFNb,Interferon beta,IFN-beta,IFNbeta,,,,,,
IGF1R,CD221,Insulin-like growth factor 1 receptor,IGF-1R,,,,,,
Ikaros,IKZF1,Ikaros zinc finger protein 1,,,,,,,
IL-11,IL11,Interleukin-11,Il11,,,,,,
IL-12,IL12,Interleukin-12,IL-12p70,,,,,,
IL-18,IL18,Interleukin-18,Il18,,,,,,
IL-19,IL19,Interleukin-19,Il19,,,,,,
IL-21R,IL21R,IL-21 receptor,,,,,,,
IL-23p19,IL23p19,IL-23,Il23p19,p19,,,,,
IL-24,IL24,Interleukin-24,Il24,,,,,,
IL-25,IL25,IL-17E,Il25,,,,,,
IL-26,IL26,Interleukin-26,Il26,,,,,,
IL-28,IL28,IFN-lambda,Interferon lambda,,,,,,
IL-3,IL3,Interleukin-3,Il3,,,,,,
IL-31,IL31,Interleukin-31,Il31,,,,,,
IL-32,IL32,Interleukin-32,Il32,,,,,,
IL-34,IL34,Interleukin-34,Il34,,,,,,
IL-36,IL36,Interleukin-36,Il36,,,,,,
IL-37,IL37,Interleukin-37,Il37,,,,,,
IL-8,IL8,CXCL8,Interleukin-8,,,,,,
IL-9,IL9,Interleukin-9,Il9,,,,,,
IRF1,Interferon regulatory factor 1,,,,,,,,
IRF3,Interferon regulatory factor 3,,,,,,,,
IRF7,Interferon regulatory factor 7,,,,,,,,
IRF8,Interferon regulatory factor 8,ICSBP,,,,,,,
Jagged-2,JAG2,Jagged2,,,,,,,
JNK,MAPK8,c-Jun N-terminal kinase,SAPK,,,,,,
Klf4,KLF4,Kruppel-like factor 4,,,,,,,
Laminin,LAM,Laminin-1,,,,,,,
LEF1,LEF-1,Lymphoid enhancer binding factor 1,,,,,,,
LIF,Leukemia inhibitory factor,HILDA,,,,,,,
LTa,Lymphotoxin alpha,LT-alpha,TNFSF1,,,,,,
LY6E,Ly-6E,Lymphocyte antigen 6E,,,,,,,
MAP2,Microtubule associated protein 2,Microtubule-associated protein 2,,,,,,,
Mcl-1,MCL1,Myeloid cell leukemia 1,,,,,,,
M-CSF,CSF1,Macrophage colony-stimulating factor,MCSF,,,,,,
MET,c-MET,HGFR,Hepatocyte growth factor receptor,,,,,,
Nanog,NANOG,Nanog,,,,,,,
Nestin,NES,Nestin,Intermediate filament,,,,,,
NeuN,RBFOX3,Fox-3,,,,,,,
Neuropilin-2,NRP2,Nrp-2,NRP-2,,,,,,
NFAT1,NFATC2,Nuclear factor of activated T-cells 2,,,,,,,
NFAT2,NFATC1,Nuclear factor of activated T-cells 1,NFATc1,,,,,,
NF-kB,NFkB,p65,RelA,NF-kappaB,,,,,
Noggin,NOG,Nog,,,,,,,
Notch1,NOTCH1,Notch-1,N1,,,,,,
Notch2,NOTCH2,Notch-2,N2,,,,,,
Notch3,NOTCH3,Notch-3,N3,,,,,,
Notch4,NOTCH4,Notch-4,N4,,,,,,
Olig2,OLIG2,Oligodendrocyte lineage transcription factor 2,,,,,,,
Oncostatin M,OSM,Oncostatin-M,,,,,,,
p21,CDKN1A,Cip1,Waf1,CIP1,WAF1,,,,
p27,CDKN1B,Kip1,,,,,,,
p38,MAPK14,p38 MAPK,,,,,,,
p53,TP53,Tumor suppressor p53,Trp53,,,,,,
pAKT,phospho-AKT,p-AKT,pAkt,Phospho-AKT,,,,,
Pax6,PAX6,Paired box protein 6,,,,,,,
PDGFR,PDGFRalpha/beta,PDGFR-ab,,,,,,,
pERK,phospho-ERK,pERK1/2,phospho-p44/42 MAPK,pMAPK,Phospho-ERK,,,,
PI3K,PIK3CA,Phosphatidylinositol 3-kinase,p110alpha,,,,,,
PLZF,ZBTB16,Zbtb16,Promyelocytic leukemia zinc finger,,,,,,
pmTOR,phospho-mTOR,p-mTOR,Phospho-mTOR,,,,,,
podoplanin,PDPN,Aggrus,T1 alpha,gp36,,,,,
pRb,RB1,Retinoblastoma protein,,,,,,,
pSTAT1,phospho-STAT1,p-STAT1,Phospho-STAT1,,,,,,
pSTAT4,phospho-STAT4,p-STAT4,Phospho-STAT4,,,,,,
pSTAT6,phospho-STAT6,p-STAT6,Phospho-STAT6,,,,,,
PTEN,Phosphatase and tensin homolog,PTEN tumor suppressor,,,,,,,
PU.1,SPI1,Spi-1 proto-oncogene,Spib,PU1,,,,,
Ras,HRAS,KRAS,NRAS,Ras GTPase,,,,,
Rex1,ZFP42,Rex-1,,,,,,,
ROS1,ROS,c-ROS,,,,,,,
Runx1,RUNX1,CBFalpha2,AML1,,,,,,
Runx3,RUNX3,CBFalpha3,AML2,,,,,,
S100A4,FSP1,Fibroblast-specific protein 1,Metastasin,,,,,,
S100A8,MRP8,Calgranulin-A,,,,,,,
S100A9,MRP14,Calgranulin-B,,,,,,,
S100B,S100-b,S100beta,,,,,,,
SCF,Stem cell factor,KITLG,KIT ligand,c-Kit ligand,Steel factor,,,,
Semaphorin 3A,SEMA3A,Sema3A,,,,,,,
Semaphorin 4D,SEMA4D,CD100,,,,,,,
SHP-1,PTPN6,SHP1,Tyrosine-protein phosphatase non-receptor type 6,,,,,,
SHP-2,PTPN11,SHP2,Tyrosine-protein phosphatase non-receptor type 11,,,,,,
SMAD2,pSMAD2,Phospho-SMAD2,,,,,,,
SMAD3,pSMAD3,Phospho-SMAD3,,,,,,,
Sox1,SOX1,SRY-related HMG box-1,,,,,,,
Sox17,SOX17,SRY-related HMG box-17,,,,,,,
Sox2,SOX2,SRY-related HMG box-2,,,,,,,
SpiB,SPIB,Spi-B transcription factor,,,,,,,
SSEA-1,LeX,Lewis X antigen,CD15,FUT4,,,,,
SSEA-3,Globopentaosylceramide,Stage-specific embryonic antigen 3,,,,,,,
SSEA-4,Globoside,Stage-specific embryonic antigen 4,,,,,,,
Survivin,BIRC5,Baculoviral IAP repeat-containing protein 5,,,,,,,
synaptophysin,SYP,Syp,,,,,,,
TCF7L2,TCF4,Transcription factor 7 like 2,,,,,,,
TGFb,TGFb1,TGF beta 1,Transforming growth factor beta 1,TGF-b1,,,,,
Tim-1,TIM1,KIM-1,KIM1,HAVcr1,Kidney injury molecule 1,,,,
TOX2,TOX high mobility group box family member 2,,,,,,,,
TPO,Thrombopoietin,THPO,Mpl ligand,,,,,,
TRA-1-60,TRA160,Podocalyxin-like protein,PODXL,,,,,,
TRA-1-81,TRA181,,,,,,,,
TrkB,NTRK2,Neurotrophic receptor tyrosine kinase 2,,,,,,,
TSLP,Thymic stromal lymphopoietin,TSLP,Il7-like cytokine,,,,,,
TYRO3,TYRO3 protein tyrosine kinase,SKY,,,,,,,
VEGFR1,Flt-1,FLT1,vascular endothelial growth factor receptor 1,,,,,,
VEGFR3,Flt-4,FLT4,vascular endothelial growth factor receptor 3,,,,,,
Vimentin,VIM,Vim,,,,,,,
Wnt3a,WNT3A,Wnt-3a,,,,,,,
Wnt-5a,WNT5A,Wnt5a,,,,,,,
